USE [DBAgrSIGD]
GO


-- TIPO DOCUMENTO

SET IDENTITY_INSERT [dbo].[MaeTipDocumento] ON
GO
INSERT INTO [dbo].[MaeTipDocumento] ( iCodTipDocumento, [vAbreviatura], [vDescripcion], [siEstado], [vUsuCreacion], [dFecCreacion], [vHstCreacion], [vInsCreacion]
           , [vLgnCreacion], [vRolCreacion])
     VALUES
        (1,'SOB','SOBRE',1,SYSTEM_USER, GETDATE(), @@SERVERNAME, @@SERVICENAME, SYSTEM_USER, USER),
		(2,'SOL','SOLICITUD',1,SYSTEM_USER, GETDATE(), @@SERVERNAME, @@SERVICENAME, SYSTEM_USER, USER),
		(3,'NOT','NOTIFICACION',1,SYSTEM_USER, GETDATE(), @@SERVERNAME, @@SERVICENAME, SYSTEM_USER, USER),
		(4,'OFI','OFICIO',1,SYSTEM_USER, GETDATE(), @@SERVERNAME, @@SERVICENAME, SYSTEM_USER, USER),
		(5,'OFM','OFICIO MÚLTIPLE',1,SYSTEM_USER, GETDATE(), @@SERVERNAME, @@SERVICENAME, SYSTEM_USER, USER),
		(6,'CAM','CARTA MÚLTIPLE',1,SYSTEM_USER, GETDATE(), @@SERVERNAME, @@SERVICENAME, SYSTEM_USER, USER),
		(7,'CON','CONVENIO',1,SYSTEM_USER, GETDATE(), @@SERVERNAME, @@SERVICENAME, SYSTEM_USER, USER),
		(8,'CUT','CUT',1,SYSTEM_USER, GETDATE(), @@SERVERNAME, @@SERVICENAME, SYSTEM_USER, USER),
		(9,'HIN','HOJA INFORMATIVA',1,SYSTEM_USER, GETDATE(), @@SERVERNAME, @@SERVICENAME, SYSTEM_USER, USER),
		(10,'HI1','HOJA INFORMATIVA AUD 01',1,SYSTEM_USER, GETDATE(), @@SERVERNAME, @@SERVICENAME, SYSTEM_USER, USER),
		(11,'HI2','HOJA INFORMATIVA AUD 02',1,SYSTEM_USER, GETDATE(), @@SERVERNAME, @@SERVICENAME, SYSTEM_USER, USER),
		(12,'HI3','HOJA INFORMATIVA AUD 03',1,SYSTEM_USER, GETDATE(), @@SERVERNAME, @@SERVICENAME, SYSTEM_USER, USER),
		(13,'MA1','MEMORANDUM AUD 01',1,SYSTEM_USER, GETDATE(), @@SERVERNAME, @@SERVICENAME, SYSTEM_USER, USER),
		(14,'MA2','MEMORANDUM AUD 02',1,SYSTEM_USER, GETDATE(), @@SERVERNAME, @@SERVICENAME, SYSTEM_USER, USER),
		(15,'MA3','MEMORANDUM AUD 03',1,SYSTEM_USER, GETDATE(), @@SERVERNAME, @@SERVICENAME, SYSTEM_USER, USER),
		(16,'MET','MEMORANDUM MULTIPLE',1,SYSTEM_USER, GETDATE(), @@SERVERNAME, @@SERVICENAME, SYSTEM_USER, USER),
		(17,'MT1','MEMORANDUM MULTIPLE AUD 01',1,SYSTEM_USER, GETDATE(), @@SERVERNAME, @@SERVICENAME, SYSTEM_USER, USER),
		(18,'MT2','MEMORANDUM MULTIPLE AUD 02',1,SYSTEM_USER, GETDATE(), @@SERVERNAME, @@SERVICENAME, SYSTEM_USER, USER),
		(19,'MT3','MEMORANDUM MULTIPLE AUD 03',1,SYSTEM_USER, GETDATE(), @@SERVERNAME, @@SERVICENAME, SYSTEM_USER, USER),
		(20,'PRV','PROVEIDO',1,SYSTEM_USER, GETDATE(), @@SERVERNAME, @@SERVICENAME, SYSTEM_USER, USER),
		(21,'INF','INFORME',1,SYSTEM_USER, GETDATE(), @@SERVERNAME, @@SERVICENAME, SYSTEM_USER, USER),
		(22,'MEM','MEMORANDUM',1,SYSTEM_USER, GETDATE(), @@SERVERNAME, @@SERVICENAME, SYSTEM_USER, USER),
		(23,'CA1','CARTA AUD 01',1,SYSTEM_USER, GETDATE(), @@SERVERNAME, @@SERVICENAME, SYSTEM_USER, USER),
		(24,'CA2','CARTA AUD 02',1,SYSTEM_USER, GETDATE(), @@SERVERNAME, @@SERVICENAME, SYSTEM_USER, USER),
		(25,'CA3','CARTA AUD 03',1,SYSTEM_USER, GETDATE(), @@SERVERNAME, @@SERVICENAME, SYSTEM_USER, USER),
		(26,'CAR','CARTA',1,SYSTEM_USER, GETDATE(), @@SERVERNAME, @@SERVICENAME, SYSTEM_USER, USER)

GO
SET IDENTITY_INSERT [dbo].[MaeTipDocumento] OFF
GO


--AREA
SET IDENTITY_INSERT [dbo].[MaeArea] ON
GO
INSERT [dbo].[MaeArea] ([iCodArea], [vAbreviatura], [vDescripcion], [siEstado], [vUsuCreacion], [dFecCreacion], [vHstCreacion], 
						[vInsCreacion], [vLgnCreacion], [vRolCreacion]) 
VALUES 
(2, 'GGN','GERENCIA GENERAL', 1, SYSTEM_USER, GETDATE(), @@SERVERNAME, @@SERVICENAME, SYSTEM_USER, USER),
(3, 'GRI','GERENCIA DE RIESGOS', 1, SYSTEM_USER, GETDATE(), @@SERVERNAME, @@SERVICENAME, SYSTEM_USER, USER),
(4, 'GAJ','GERENCIA DE ASESORÍA JURÍDICA Y CUMPLIMIENTO', 1, SYSTEM_USER, GETDATE(), @@SERVERNAME, @@SERVICENAME, SYSTEM_USER, USER),
(5, 'GAOF','GERENCIA DE ADMINISTRACIÓN, OPERACIONES Y FINANZAS', 1, SYSTEM_USER, GETDATE(), @@SERVERNAME, @@SERVICENAME, SYSTEM_USER, USER),
(6, 'BGC','BUEN GOBIERNO CORPORATIVO', 1, SYSTEM_USER, GETDATE(), @@SERVERNAME, @@SERVICENAME, SYSTEM_USER, USER),
(7, 'GAUI','GERENCIA DE AUDITORIA INTERNA', 1, SYSTEM_USER, GETDATE(), @@SERVERNAME, @@SERVICENAME, SYSTEM_USER, USER),
(8, 'GCUE','GERENCIA DE CUENTAS ESPECIALES', 1, SYSTEM_USER, GETDATE(), @@SERVERNAME, @@SERVICENAME, SYSTEM_USER, USER),
(9, 'GNEG','GERENCIA DE NEGOCIOS', 1, SYSTEM_USER, GETDATE(), @@SERVERNAME, @@SERVICENAME, SYSTEM_USER, USER),
(10, 'OC','OFICIALIA DE CUMPLIMIENTO', 1, SYSTEM_USER, GETDATE(), @@SERVERNAME, @@SERVICENAME, SYSTEM_USER, USER),
(11, 'OCN','OFICIALIA DE CUMPLIMIENTO NORMATIVO', 1, SYSTEM_USER, GETDATE(), @@SERVERNAME, @@SERVICENAME, SYSTEM_USER, USER),
(12, 'OCI','ÓRGANO DE CONTROL INSTITUCIONAL', 1, SYSTEM_USER, GETDATE(), @@SERVERNAME, @@SERVICENAME, SYSTEM_USER, USER),
(13, 'SEG','DEPARTAMENTO DE SEGURIDAD   ', 1, SYSTEM_USER, GETDATE(), @@SERVERNAME, @@SERVICENAME, SYSTEM_USER, USER),
(14, 'IMG','DEPARTAMENTO IMAGEN', 1, SYSTEM_USER, GETDATE(), @@SERVERNAME, @@SERVICENAME, SYSTEM_USER, USER),
(15, 'CONT','DIVISIÓN DE CONTABILIDAD', 1, SYSTEM_USER, GETDATE(), @@SERVERNAME, @@SERVICENAME, SYSTEM_USER, USER),
(16, 'FIN','DIVISIÓN DE FINANZAS', 1, SYSTEM_USER, GETDATE(), @@SERVERNAME, @@SERVICENAME, SYSTEM_USER, USER),
(17, 'LOG','DIVISION DE LOGISTICA', 1, SYSTEM_USER, GETDATE(), @@SERVERNAME, @@SERVICENAME, SYSTEM_USER, USER),
(18, 'OPE','DIVISION DE OPERACIONES', 1, SYSTEM_USER, GETDATE(), @@SERVERNAME, @@SERVICENAME, SYSTEM_USER, USER),
(19, 'OYM','DEPARTAMENTO DE ORGANIZACIÓN Y METODOS', 1, SYSTEM_USER, GETDATE(), @@SERVERNAME, @@SERVICENAME, SYSTEM_USER, USER),
(20, 'RRHH','DIVISION DE RECURSOS HUMANOS', 1, SYSTEM_USER, GETDATE(), @@SERVERNAME, @@SERVICENAME, SYSTEM_USER, USER),
(21, 'SIST','DIVISIÓN DE SISTEMAS', 1, SYSTEM_USER, GETDATE(), @@SERVERNAME, @@SERVICENAME, SYSTEM_USER, USER),
(22, 'OCM','OFICIALIA DE CONDUCTA DE MERCADO', 1, SYSTEM_USER, GETDATE(), @@SERVERNAME, @@SERVICENAME, SYSTEM_USER, USER),
(23, 'SED','SECRETARIA DE DIRECTORIO', 1, SYSTEM_USER, GETDATE(), @@SERVERNAME, @@SERVICENAME, SYSTEM_USER, USER),
(24, 'AFE','ADMINISTRACION DE FONDOS ESPECIALES', 1, SYSTEM_USER, GETDATE(), @@SERVERNAME, @@SERVICENAME, SYSTEM_USER, USER)

GO

SET IDENTITY_INSERT [dbo].[MaeArea] OFF 
GO


ALTER TABLE [dbo].[MaeEmpresa]
ALTER COLUMN [vDireccion] VARCHAR(200);
--EMPRESA
SET IDENTITY_INSERT [dbo].[MaeEmpresa] ON 
GO

INSERT INTO [dbo].[MaeEmpresa]
           (iCodEmpresa, [vAbreviatura], [vDescripcion], vDireccion, [siEstado], [vUsuCreacion],[dFecCreacion], [vHstCreacion], [vInsCreacion], [vLgnCreacion], [vRolCreacion])
     VALUES
(1,'BTG', 'BTG PACTUAL PERU S.A. SOCIEDAD AGENTE DE BOLSA', 'AV. SANTO TORIBIO NRO. 173 INT. 602 URB. FUNDO CONDE (TORRE REAL 8) LIMA - LIMA - SAN ISIDRO', 1, SYSTEM_USER, GETDATE(), @@SERVERNAME, @@SERVICENAME, SYSTEM_USER, USER),
(2,'ABA', 'ABANOR SRL', 'MARIA IGNACIO GOICOCHEA 398', 1, SYSTEM_USER, GETDATE(), @@SERVERNAME, @@SERVICENAME, SYSTEM_USER, USER),
(3,'AFP', 'AFP INTEGRA S.A.', 'Av. Canaval y Moreyra N°522, Piso 5, San Isidro-LIMA', 1, SYSTEM_USER, GETDATE(), @@SERVERNAME, @@SERVICENAME, SYSTEM_USER, USER),
(4,'AGE', 'AGENCIA FRANCESA DE DESARROLLO (AFD)', 'CALLE RIO DE LA PLATA 167', 1, SYSTEM_USER, GETDATE(), @@SERVERNAME, @@SERVICENAME, SYSTEM_USER, USER),
(5,'AGR', 'AGRICOLA ISPANA SAC', 'MZ A LT 33 URB ASOC SAN JUAN DE DIO S 2DA ETAPA - SAN MARTIN DE PORRES', 1, SYSTEM_USER, GETDATE(), @@SERVERNAME, @@SERVICENAME, SYSTEM_USER, USER),
(6,'AGM', 'AGRICOLA LOS MEDANOS S A', 'PROLOG.BENAVIDES 3580 LIMA - LIMA', 1, SYSTEM_USER, GETDATE(), @@SERVERNAME, @@SERVICENAME, SYSTEM_USER, USER),
(7,'AGP', 'AGRICOLA PORTILLO SAC', 'FDO. SANTA ROSA PAMPA VILLACURI', 1, SYSTEM_USER, GETDATE(), @@SERVERNAME, @@SERVICENAME, SYSTEM_USER, USER),
(8,'AGS', 'AGRICOLA SANTA MARCELA EIRL', 'CALLE FRANCISCO PIZARRO NRO 318 DPTO 301', 1, SYSTEM_USER, GETDATE(), @@SERVERNAME, @@SERVICENAME, SYSTEM_USER, USER),
(9,'AGV', 'AGRICOLA SOL DE VILLACURI SAC', 'LOS PRECURSOS 617-DPT 402-VILLACURI', 1, SYSTEM_USER, GETDATE(), @@SERVERNAME, @@SERVICENAME, SYSTEM_USER, USER),
(10,'AGY', 'AGRICOLA YAURILLA', 'CHINCHON 830 OFICINA 304', 1, SYSTEM_USER, GETDATE(), @@SERVERNAME, @@SERVICENAME, SYSTEM_USER, USER),
(11,'AYU', 'AGRICOLA YUSKAY EIRL', 'PARCELA Y 33 A LOTE 01 CASERIO EL PARTIDOR YUSKAY', 1, SYSTEM_USER, GETDATE(), @@SERVERNAME, @@SERVICENAME, SYSTEM_USER, USER),
(12,'AGO', 'AGRICOLA ZEIT ORGANISCH SAC', 'CALLE SAN FELIPE N 830 URB. SAN LOR', 1, SYSTEM_USER, GETDATE(), @@SERVERNAME, @@SERVICENAME, SYSTEM_USER, USER),
(13,'ASJ', 'AGRICULTORES Y PRODUCTORES SAN JUDAS TADEO', 'Calle Torres Paz 648, Chiclayo', 1, SYSTEM_USER, GETDATE(), @@SERVERNAME, @@SERVICENAME, SYSTEM_USER, USER),
(14,'AMU', 'AMUTO', 'CALLE CIMA 398 URB LAS CASUARINAS SANTIAGO DE SURCO', 1, SYSTEM_USER, GETDATE(), @@SERVERNAME, @@SERVICENAME, SYSTEM_USER, USER),
(15,'ANOR', 'AGROEXPORTACIONES DEL NORTE SAC', 'CARRETERA PANAMERICANA NORTE 783 MOCCE - LAMBAYEQUE', 1, SYSTEM_USER, GETDATE(), @@SERVERNAME, @@SERVICENAME, SYSTEM_USER, USER),
(16,'ASM', 'AGROFRUITS SAN MIGUEL SAC', 'CARRET. PANAMERICANA NORTE KM 1076 TAMBOGRANDE-PIURA/CALLE TINTORETTO', 1, SYSTEM_USER, GETDATE(), @@SERVERNAME, @@SERVICENAME, SYSTEM_USER, USER),
(17,'APER', 'AGROFRUT PERU SAC', 'CALLE DOS DE MAYO N° 534 INT 602 LIMA-LIMA-MIRAFLORES', 1, SYSTEM_USER, GETDATE(), @@SERVERNAME, @@SERVICENAME, SYSTEM_USER, USER),
(18,'ARG', 'AGROINDUSTRIAL RIO GRANDE SRL', 'ROCA Y BOLOÑA 1020 MIRAFLORES LIMA', 1, SYSTEM_USER, GETDATE(), @@SERVERNAME, @@SERVICENAME, SYSTEM_USER, USER),
(19,'A3F', 'AGROINDUSTRIAS 3F', 'AV JOSE LEAL 1168', 1, SYSTEM_USER, GETDATE(), @@SERVERNAME, @@SERVICENAME, SYSTEM_USER, USER),
(20,'AAU', 'AGROINDUSTRIAS AURORA SAC', 'LOS SAUCES 510 SANTA VICTORIA', 1, SYSTEM_USER, GETDATE(), @@SERVERNAME, @@SERVICENAME, SYSTEM_USER, USER),
(21,'ACI', 'AGROINDUSTRIAS CIRNMA S.R.LTDA.', 'MZ N LOTE 11 PARQUE INDUSTRIAL', 1, SYSTEM_USER, GETDATE(), @@SERVERNAME, @@SERVICENAME, SYSTEM_USER, USER),
(22,'AGR', 'AGROINDUSTRIAS GRAMADAL SAC', 'AV. TRINIDAD MORAN NRO. 238 INT. C', 1, SYSTEM_USER, GETDATE(), @@SERVERNAME, @@SERVICENAME, SYSTEM_USER, USER),
(23,'AGT', 'AGROINDUSTRIAS TERRANOVA SAC', 'CALL BAT TARMA 111 URB ST TERESA SANTA TERESA SURCO LIMA', 1, SYSTEM_USER, GETDATE(), @@SERVERNAME, @@SERVICENAME, SYSTEM_USER, USER),
(24,'AGR', 'AGRORURAL - MINAGRI', 'rep chile', 1, SYSTEM_USER, GETDATE(), @@SERVERNAME, @@SERVICENAME, SYSTEM_USER, USER),
(25,'AGU', 'AGUILAR LOPEZ ABUSTO', 'CLLE FRANCISCO IBAÑEZ 320', 1, SYSTEM_USER, GETDATE(), @@SERVERNAME, @@SERVICENAME, SYSTEM_USER, USER),
(26,'AVH', 'AGUILAR VILCA HAYDEE ENMA', 'Jr. Palca 630 - 3er piso Chanchamayo', 1, SYSTEM_USER, GETDATE(), @@SERVERNAME, @@SERVICENAME, SYSTEM_USER, USER),
(27,'ALI', 'ALIANZA CACAO PERU', 'AV CAMINOS DEL INCA 670 - SURCO', 1, SYSTEM_USER, GETDATE(), @@SERVERNAME, @@SERVICENAME, SYSTEM_USER, USER),
(28,'ALM', 'ALMAFIN', 'AV ARGENTINA 2317', 1, SYSTEM_USER, GETDATE(), @@SERVERNAME, @@SERVICENAME, SYSTEM_USER, USER),
(29,'MOVIL', 'AMERICA MOVIL PERU S.A.C.', 'Av. Nicolás de Arriola 480 Urb. Santa Catalina, Distr. La Victoria', 1, SYSTEM_USER, GETDATE(), @@SERVERNAME, @@SERVICENAME, SYSTEM_USER, USER),
(30,'AQP', 'AQP OLMOS SAC', 'CALLE UGARTECHE 605 URB SELVA ALEGRE', 1, SYSTEM_USER, GETDATE(), @@SERVERNAME, @@SERVICENAME, SYSTEM_USER, USER),
(31,'ASC', 'ASC SERVICIOS LEGALES &COBRANZA EIRL', 'Jr. Mariano Melgar 205 - Barrio El Recre - Tumbes', 1, SYSTEM_USER, GETDATE(), @@SERVERNAME, @@SERVICENAME, SYSTEM_USER, USER),
(32,'ASE', 'ASESORIA SERVICIOS Y CORRETAJES S R L', 'CAL.ARTESANOS NRO. 150 INT. 101 URB. LAS GARDENIAS (DENTRO C. COMERC. LAS PLAZUELAS DE SURCO) LIMA - LIMA - SANTIAGO DE', 1, SYSTEM_USER, GETDATE(), @@SERVERNAME, @@SERVICENAME, SYSTEM_USER, USER),
(33,'ASO', 'ASOC BENEFICENCIA PUBLICA DE GUADALUPE', 'GUADALUPE -PACASMAYO - REGION LA LIBERTAD', 1, SYSTEM_USER, GETDATE(), @@SERVERNAME, @@SERVICENAME, SYSTEM_USER, USER),
(34,'APM', 'ASOC DE PROD AGROPECUARIOS MUNAY ALPAQUITA', 'PARCIALIDAD DE QUEPA JR LMPA S/N PUNO', 1, SYSTEM_USER, GETDATE(), @@SERVERNAME, @@SERVICENAME, SYSTEM_USER, USER),
(35,'API', 'ASOC. DE PRODUCTORES DE ALGODON JUAN VELASCO ALVARADO DE ICA', 'CALLE AYACUCHO 359 INT 18', 1, SYSTEM_USER, GETDATE(), @@SERVERNAME, @@SERVICENAME, SYSTEM_USER, USER),
(36,'APA', 'ASOCACION DE PRODUCTORES AGRICOLAS DE LA REGION TUMBES', 'Jr. Antonio Miroquesada 327. 5to piso Ofic.505 - Cercado de Lima', 1, SYSTEM_USER, GETDATE(), @@SERVERNAME, @@SERVICENAME, SYSTEM_USER, USER),
(37,'ANA', 'ASOCIACION AGROPECUARIA NUEVO AMANECER', 'AV. VICTOR RAUL HAYA DE LA TO MZA. 5 A LOTE. 2 UCAYALI - CORONEL PORTILLO - CAMPOVERDE', 1, SYSTEM_USER, GETDATE(), @@SERVERNAME, @@SERVICENAME, SYSTEM_USER, USER),
(38,'ASP', 'ASOCIACION COMITE DEPARTAMENTAL DE PRODUCTORES DE PLATANO - TUMBES', 'FRANCISCO NAVARRETE 546', 1, SYSTEM_USER, GETDATE(), @@SERVERNAME, @@SERVICENAME, SYSTEM_USER, USER)

GO

SET IDENTITY_INSERT [dbo].[MaeEmpresa] OFF
GO


--REPRESENTANTES 
SET IDENTITY_INSERT [dbo].[MaeRepresentante] ON 
GO
INSERT INTO [dbo].[MaeRepresentante]
           (iCodRepresentante, [vNumDocumento], [vNombres], [siEstado], [siTipRepresentante], [vDireccion], [vTelefono], [vCelular], [vEmail],[vAnexo],[vFax],[iCodEmpresa], 
		   [iCodTipDocIdentidad], [vUsuCreacion], [dFecCreacion], [vHstCreacion], [vInsCreacion], [vLgnCreacion], [vRolCreacion])
     VALUES
			(1,'9999999999', 'BTG PACTUAL PERU S.A. SOCIEDAD AGENTE DE BOLSA', 1,2,'123123', '1111111', '999999999', 'aa@aa','123','123123',1,2, SYSTEM_USER, GETDATE(),@@SERVERNAME, @@SERVICENAME, SYSTEM_USER, USER),
(2,'9999999999', 'ABANOR SRL', 1,2,'123123', '1111111', '999999999', 'aa@aa','123','123123',2,2, SYSTEM_USER, GETDATE(),@@SERVERNAME, @@SERVICENAME, SYSTEM_USER, USER),
(3,'9999999999', 'AFP INTEGRA S.A.', 1,2,'123123', '1111111', '999999999', 'aa@aa','123','123123',3,2, SYSTEM_USER, GETDATE(),@@SERVERNAME, @@SERVICENAME, SYSTEM_USER, USER),
(4,'9999999999', 'AGENCIA FRANCESA DE DESARROLLO (AFD)', 1,2,'123123', '1111111', '999999999', 'aa@aa','123','123123',4,2, SYSTEM_USER, GETDATE(),@@SERVERNAME, @@SERVICENAME, SYSTEM_USER, USER),
(5,'9999999999', 'AGRICOLA ISPANA SAC', 1,2,'123123', '1111111', '999999999', 'aa@aa','123','123123',5,2, SYSTEM_USER, GETDATE(),@@SERVERNAME, @@SERVICENAME, SYSTEM_USER, USER),
(6,'9999999999', 'AGRICOLA LOS MEDANOS S A', 1,2,'123123', '1111111', '999999999', 'aa@aa','123','123123',6,2, SYSTEM_USER, GETDATE(),@@SERVERNAME, @@SERVICENAME, SYSTEM_USER, USER),
(7,'9999999999', 'AGRICOLA PORTILLO SAC', 1,2,'123123', '1111111', '999999999', 'aa@aa','123','123123',7,2, SYSTEM_USER, GETDATE(),@@SERVERNAME, @@SERVICENAME, SYSTEM_USER, USER),
(8,'9999999999', 'AGRICOLA SANTA MARCELA EIRL', 1,2,'123123', '1111111', '999999999', 'aa@aa','123','123123',8,2, SYSTEM_USER, GETDATE(),@@SERVERNAME, @@SERVICENAME, SYSTEM_USER, USER),
(9,'9999999999', 'AGRICOLA SOL DE VILLACURI SAC', 1,2,'123123', '1111111', '999999999', 'aa@aa','123','123123',9,2, SYSTEM_USER, GETDATE(),@@SERVERNAME, @@SERVICENAME, SYSTEM_USER, USER),
(10,'9999999999', 'AGRICOLA YAURILLA', 1,2,'123123', '1111111', '999999999', 'aa@aa','123','123123',10,2, SYSTEM_USER, GETDATE(),@@SERVERNAME, @@SERVICENAME, SYSTEM_USER, USER),
(11,'9999999999', 'AGRICOLA YUSKAY EIRL', 1,2,'123123', '1111111', '999999999', 'aa@aa','123','123123',11,2, SYSTEM_USER, GETDATE(),@@SERVERNAME, @@SERVICENAME, SYSTEM_USER, USER),
(12,'9999999999', 'AGRICOLA ZEIT ORGANISCH SAC', 1,2,'123123', '1111111', '999999999', 'aa@aa','123','123123',12,2, SYSTEM_USER, GETDATE(),@@SERVERNAME, @@SERVICENAME, SYSTEM_USER, USER),
(13,'9999999999', 'AGRICULTORES Y PRODUCTORES SAN JUDAS TADEO', 1,2,'123123', '1111111', '999999999', 'aa@aa','123','123123',13,2, SYSTEM_USER, GETDATE(),@@SERVERNAME, @@SERVICENAME, SYSTEM_USER, USER),
(14,'9999999999', 'AMUTO', 1,2,'123123', '1111111', '999999999', 'aa@aa','123','123123',14,2, SYSTEM_USER, GETDATE(),@@SERVERNAME, @@SERVICENAME, SYSTEM_USER, USER),
(15,'9999999999', 'AGROEXPORTACIONES DEL NORTE SAC', 1,2,'123123', '1111111', '999999999', 'aa@aa','123','123123',15,2, SYSTEM_USER, GETDATE(),@@SERVERNAME, @@SERVICENAME, SYSTEM_USER, USER),
(16,'9999999999', 'AGROFRUITS SAN MIGUEL SAC', 1,2,'123123', '1111111', '999999999', 'aa@aa','123','123123',16,2, SYSTEM_USER, GETDATE(),@@SERVERNAME, @@SERVICENAME, SYSTEM_USER, USER),
(17,'9999999999', 'AGROFRUT PERU SAC', 1,2,'123123', '1111111', '999999999', 'aa@aa','123','123123',17,2, SYSTEM_USER, GETDATE(),@@SERVERNAME, @@SERVICENAME, SYSTEM_USER, USER),
(18,'9999999999', 'AGROINDUSTRIAL RIO GRANDE SRL', 1,2,'123123', '1111111', '999999999', 'aa@aa','123','123123',18,2, SYSTEM_USER, GETDATE(),@@SERVERNAME, @@SERVICENAME, SYSTEM_USER, USER),
(19,'9999999999', 'AGROINDUSTRIAS 3F', 1,2,'123123', '1111111', '999999999', 'aa@aa','123','123123',19,2, SYSTEM_USER, GETDATE(),@@SERVERNAME, @@SERVICENAME, SYSTEM_USER, USER),
(20,'9999999999', 'AGROINDUSTRIAS AURORA SAC', 1,2,'123123', '1111111', '999999999', 'aa@aa','123','123123',20,2, SYSTEM_USER, GETDATE(),@@SERVERNAME, @@SERVICENAME, SYSTEM_USER, USER),
(21,'9999999999', 'AGROINDUSTRIAS CIRNMA S.R.LTDA.', 1,2,'123123', '1111111', '999999999', 'aa@aa','123','123123',21,2, SYSTEM_USER, GETDATE(),@@SERVERNAME, @@SERVICENAME, SYSTEM_USER, USER),
(22,'9999999999', 'AGROINDUSTRIAS GRAMADAL SAC', 1,2,'123123', '1111111', '999999999', 'aa@aa','123','123123',22,2, SYSTEM_USER, GETDATE(),@@SERVERNAME, @@SERVICENAME, SYSTEM_USER, USER),
(23,'9999999999', 'AGROINDUSTRIAS TERRANOVA SAC', 1,2,'123123', '1111111', '999999999', 'aa@aa','123','123123',23,2, SYSTEM_USER, GETDATE(),@@SERVERNAME, @@SERVICENAME, SYSTEM_USER, USER),
(24,'9999999999', 'AGRORURAL - MINAGRI', 1,2,'123123', '1111111', '999999999', 'aa@aa','123','123123',24,2, SYSTEM_USER, GETDATE(),@@SERVERNAME, @@SERVICENAME, SYSTEM_USER, USER),
(25,'9999999999', 'AGUILAR LOPEZ ABUSTO', 1,2,'123123', '1111111', '999999999', 'aa@aa','123','123123',25,2, SYSTEM_USER, GETDATE(),@@SERVERNAME, @@SERVICENAME, SYSTEM_USER, USER),
(26,'9999999999', 'AGUILAR VILCA HAYDEE ENMA', 1,2,'123123', '1111111', '999999999', 'aa@aa','123','123123',26,2, SYSTEM_USER, GETDATE(),@@SERVERNAME, @@SERVICENAME, SYSTEM_USER, USER),
(27,'9999999999', 'ALIANZA CACAO PERU', 1,2,'123123', '1111111', '999999999', 'aa@aa','123','123123',27,2, SYSTEM_USER, GETDATE(),@@SERVERNAME, @@SERVICENAME, SYSTEM_USER, USER),
(28,'9999999999', 'ALMAFIN', 1,2,'123123', '1111111', '999999999', 'aa@aa','123','123123',28,2, SYSTEM_USER, GETDATE(),@@SERVERNAME, @@SERVICENAME, SYSTEM_USER, USER),
(29,'9999999999', 'AMERICA MOVIL PERU S.A.C.', 1,2,'123123', '1111111', '999999999', 'aa@aa','123','123123',29,2, SYSTEM_USER, GETDATE(),@@SERVERNAME, @@SERVICENAME, SYSTEM_USER, USER),
(30,'9999999999', 'AQP OLMOS SAC', 1,2,'123123', '1111111', '999999999', 'aa@aa','123','123123',30,2, SYSTEM_USER, GETDATE(),@@SERVERNAME, @@SERVICENAME, SYSTEM_USER, USER),
(31,'9999999999', 'ASC SERVICIOS LEGALES &COBRANZA EIRL', 1,2,'123123', '1111111', '999999999', 'aa@aa','123','123123',31,2, SYSTEM_USER, GETDATE(),@@SERVERNAME, @@SERVICENAME, SYSTEM_USER, USER),
(32,'9999999999', 'ASESORIA SERVICIOS Y CORRETAJES S R L', 1,2,'123123', '1111111', '999999999', 'aa@aa','123','123123',32,2, SYSTEM_USER, GETDATE(),@@SERVERNAME, @@SERVICENAME, SYSTEM_USER, USER),
(33,'9999999999', 'ASOC BENEFICENCIA PUBLICA DE GUADALUPE', 1,2,'123123', '1111111', '999999999', 'aa@aa','123','123123',33,2, SYSTEM_USER, GETDATE(),@@SERVERNAME, @@SERVICENAME, SYSTEM_USER, USER),
(34,'9999999999', 'ASOC DE PROD AGROPECUARIOS MUNAY ALPAQUITA', 1,2,'123123', '1111111', '999999999', 'aa@aa','123','123123',34,2, SYSTEM_USER, GETDATE(),@@SERVERNAME, @@SERVICENAME, SYSTEM_USER, USER),
(35,'9999999999', 'ASOC. DE PRODUCTORES DE ALGODON JUAN VELASCO ALVARADO DE ICA', 1,2,'123123', '1111111', '999999999', 'aa@aa','123','123123',35,2, SYSTEM_USER, GETDATE(),@@SERVERNAME, @@SERVICENAME, SYSTEM_USER, USER),
(36,'9999999999', 'ASOCACION DE PRODUCTORES AGRICOLAS DE LA REGION TUMBES', 1,2,'123123', '1111111', '999999999', 'aa@aa','123','123123',36,2, SYSTEM_USER, GETDATE(),@@SERVERNAME, @@SERVICENAME, SYSTEM_USER, USER),
(37,'9999999999', 'ASOCIACION AGROPECUARIA NUEVO AMANECER', 1,2,'123123', '1111111', '999999999', 'aa@aa','123','123123',37,2, SYSTEM_USER, GETDATE(),@@SERVERNAME, @@SERVICENAME, SYSTEM_USER, USER),
(38,'9999999999', 'ASOCIACION COMITE DEPARTAMENTAL DE PRODUCTORES DE PLATANO - TUMBES', 1,2,'123123', '1111111', '999999999', 'aa@aa','123','123123',38,2, SYSTEM_USER, GETDATE(),@@SERVERNAME, @@SERVICENAME, SYSTEM_USER, USER)

GO
SET IDENTITY_INSERT [dbo].[MaeRepresentante] OFF
GO

ALTER TABLE [dbo].[MaeTrabajador]
ALTER COLUMN [vNombres] VARCHAR(50);
ALTER TABLE [dbo].[MaeTrabajador]
ALTER COLUMN [vCargo] VARCHAR(100);
--USUARIO
SET IDENTITY_INSERT [dbo].[MaeTrabajador] ON 
GO

INSERT [dbo].[MaeTrabajador] ([iCodTrabajador], [vNumDocumento], [vNombres], [siEstado], [vCargo], [vUbicacion], [iAnexo], [vEmail], [vApePaterno], [vApeMaterno], [siEsJefe],[siFirma],[iCodArea], [iCodTipDocIdentidad], [vCelular], [vUsuCreacion], [dFecCreacion], [vHstCreacion], [vInsCreacion], [vLgnCreacion], [vRolCreacion] ) 
VALUES 
(2, '10790882', 'RONALD ALAIN OMER', 1, 'GERENTE GENERAL', 'OFICINA PRINCIPAL', '137', 'rbourgeois@agrobanco.com.pe', 'BOURGEOIS', 'CARPIO', 1, 1, 1, 1, '995806673', SYSTEM_USER, GETDATE(), @@SERVERNAME, @@SERVICENAME, SYSTEM_USER, USER),
(3, '16803573', 'ROGER', 1, 'GERENTE DE ADMINISTRACION, OPERACIONES Y FINANZAS ', 'OFICINA PRINCIPAL', '212', 'rparedes@agrobanco.com.pe', ' PAREDES', ' SILVA', 1, 1, 4,1, '998799842', SYSTEM_USER, GETDATE(), @@SERVERNAME, @@SERVICENAME, SYSTEM_USER, USER),
(4, '10637573', 'OSCAR ISRAEL', 1, 'GERENTE DE AUDITORIA INTERNA', 'OFICINA PRINCIPAL', '', 'omaldonado@agrobanco.com.pe', 'MALDONADO', ' ROMO', 1, 1, 6, 1,'016150000', SYSTEM_USER, GETDATE(), @@SERVERNAME, @@SERVICENAME, SYSTEM_USER, USER),
(5, '18108688', 'ENRIQUE MARTIN', 1, 'GERENTE DE NEGOCIOS Y BANCO VERDE', 'OFICINA PRINCIPAL', '154', 'eorezzoli@agrobanco.com.pe', 'OREZZOLI ', 'MORENO ', 1, 1, 8,1, '948657327', SYSTEM_USER, GETDATE(), @@SERVERNAME, @@SERVICENAME, SYSTEM_USER, USER),
(6, '00485249', 'MARIA ELENA', 1, 'GERENTE DE ASESORIA JURIDICA Y CUMPLIMIENTO NORMATIVO', 'OFICINA PRINCIPAL', '218', 'mpalaciosq@agrobanco.com.pe', 'PALACIOS', ' QUIROZ', 1, 1, 3,1, '948663733', SYSTEM_USER, GETDATE(), @@SERVERNAME, @@SERVICENAME, SYSTEM_USER, USER),
(7, '06774899', 'CARLOS EDUARDO', 1, 'GERENTE DE CUENTAS ESPECIALES ', 'OFICINA PRINCIPAL', '130', 'crodriguez@agrobanco.com.pe', 'RODRIGUEZ', ' LOPEZ', 1, 1, 7,1, '995806692', SYSTEM_USER, GETDATE(), @@SERVERNAME, @@SERVICENAME, SYSTEM_USER, USER),
(8, '08105658', 'ROSARIO JEANNETTE', 1, 'JEFE DE OPERACIONES', 'OFICINA PRINCIPAL', '155', 'rarteaga@agrobanco.com.pe', 'ARTEAGA', ' CORDOVA', 1, 1, 17,1, '954958001', SYSTEM_USER, GETDATE(), @@SERVERNAME, @@SERVICENAME, SYSTEM_USER, USER),
(9, '45315149', 'LENNY HEIDI', 1, 'JEFE DE IMAGEN  INSTITUCIONAL', 'OFICINA PRINCIPAL', '201', 'lcarbonel@agrobanco.com.pe', 'CARBONEL', ' NAMAY', 1, 1,13,1, '016150000', SYSTEM_USER, GETDATE(), @@SERVERNAME, @@SERVICENAME, SYSTEM_USER, USER),
(10, '06170853', 'JORGE LUIS', 1, 'JEFE DE PROCESOS Y TECNOLOGIA ', 'OFICINA PRINCIPAL', '', 'jcardenas@agrobanco.com.pe', 'CARDENAS', ' ZOLEZZI', 1, 1, 20,1, '016150000', SYSTEM_USER, GETDATE(), @@SERVERNAME, @@SERVICENAME, SYSTEM_USER, USER),
(11, '15408600', 'MARIO MARTIN', 1, 'JEFE DE FONDOS ESPECIALES ', 'OFICINA PRINCIPAL', '109', 'mchumpitaz@agrobanco.com.pe', 'CHUMPITAZ ', 'BELLEZA', 1, 1, 23,1, '948664160',SYSTEM_USER, GETDATE(), @@SERVERNAME, @@SERVICENAME, SYSTEM_USER, USER),
(12, '40210856', 'GIULIANA CECILIA', 1, 'JEFE DE ORGANIZACIÓN Y MÉTODOS', 'OFICINA PRINCIPAL', '162', 'gcontreras@agrobanco.com.pe', 'CONTRERAS', ' ALAYA', 1, 1, 18,1, '943921234', SYSTEM_USER, GETDATE(), @@SERVERNAME, @@SERVICENAME, SYSTEM_USER, USER),
(13, '06179239', 'CESAR NAPOLEON', 1, 'JEFE DE LOGISTICA', 'OFICINA PRINCIPAL', '212', 'chidalgom@agrobanco.com.pe', 'HIDALGO', ' MONTOYA', 1, 1, 4,1, '952039329', SYSTEM_USER, GETDATE(), @@SERVERNAME, @@SERVICENAME, SYSTEM_USER, USER),
(14, '07622532 ', 'KAREN ROCIO', 1, 'JEFE DE BUEN GOBIERNO CORPORATIVO (E )', 'OFICINA PRINCIPAL', '290', 'krojas@agrobanco.com.pe', 'ROJAS', ' MONTOYA', 1, 1, 5,1, '016150000', SYSTEM_USER, GETDATE(), @@SERVERNAME, @@SERVICENAME, SYSTEM_USER, USER),
(15, '07636316', 'SOFIA MASSIEL', 1, 'JEFE DE DIVISION DE RECURSOS HUMANOS', 'OFICINA PRINCIPAL', '249', 'sveneros@agrobanco.com.pe', 'VENEROS', ' MUÑOZ', 1, 1, 19,1, '996410859', SYSTEM_USER, GETDATE(), @@SERVERNAME, @@SERVICENAME, SYSTEM_USER, USER),
(16, '41513605', 'EDGARD JESUS', 1, 'JEFE DE SEGURIDAD ( E )', 'OFICINA PRINCIPAL', '232', 'ezapata@agrobanco.com.pe', 'ZAPATA', ' VELIZ', 1, 1, 12 ,1 , '950427425', SYSTEM_USER, GETDATE(), @@SERVERNAME, @@SERVICENAME, SYSTEM_USER, USER),
(17, '40031146', 'EMIR JEFFREY', 1, 'JEFE DE FINANZAS ( E )', 'OFICINA PRINCIPAL', '210', 'erodriguez@agrobanco.com.pe', 'RODRIGUEZ', ' VARGAS', 1, 1,15,1, '016150000', SYSTEM_USER, GETDATE(), @@SERVERNAME, @@SERVICENAME, SYSTEM_USER, USER),
(18, '7711384', 'LYDA', 1, 'ANALISTA  DE GERENCIA GENERAL (E)', 'OFICINA PRINCIPAL', '137', 'lramirezc@agrobanco.com.pe', 'RAMIREZ ', 'CANAVAL', 0, 0, 1,1, '990071896', SYSTEM_USER, GETDATE(), @@SERVERNAME, @@SERVICENAME, SYSTEM_USER, USER),
(19, '10222662', 'ARASELI DE LOS MILAGROS', 1, 'ASISTENTE  DE GERENCIA GENERAL ', 'OFICINA PRINCIPAL', '275', 'amarin@agrobanco.com.pe', 'MARIN', ' SOTERO', 0, 0, 4,1, '016150000', SYSTEM_USER, GETDATE(), @@SERVERNAME, @@SERVICENAME, SYSTEM_USER, USER),
(20, '07331320', 'MARIA DEL PILAR', 1, 'ANALISTA DE NEGOCIOS', 'OFICINA PRINCIPAL', '106', 'mvalencia@agrobanco.com.pe', 'VALENCIA ', 'CADENAS', 0, 0, 8,1, '016150000', SYSTEM_USER, GETDATE(), @@SERVERNAME, @@SERVICENAME, SYSTEM_USER, USER),
(21, '43069298', 'GUILIANA KATHERIN', 1, 'ANALISTA DE PROCESOS', 'OFICINA PRINCIPAL', '233', 'gsilva@agrobanco.com.pe', 'SILVA', ' GONZALES', 0, 0, 18,1, '016150000', SYSTEM_USER, GETDATE(), @@SERVERNAME, @@SERVICENAME, SYSTEM_USER, USER)
GO

SET IDENTITY_INSERT [dbo].[MaeTrabajador] OFF 
GO


INSERT [dbo].[SegUsuario] (iCodUsuario, [iCodPerfil], [dFecAcceso], [siEstado], [iCodTrabajador], [WEBUSR], [vCodPerfil], [vUsuCreacion], [dFecCreacion], [vHstCreacion], [vInsCreacion], [vLgnCreacion], [vRolCreacion]) 
VALUES 
(2,1, GETDATE(), 1, 2, N'AGRRBC', N'ADMIN', SYSTEM_USER, GETDATE(), @@SERVERNAME, @@SERVICENAME, SYSTEM_USER, USER),
(3,1, GETDATE(), 1, 3, N'AGRRPSI', N'ADMIN', SYSTEM_USER, GETDATE(), @@SERVERNAME, @@SERVICENAME, SYSTEM_USER, USER),
(4,1, GETDATE(), 1, 4, N'AGROMR', N'ADMIN', SYSTEM_USER, GETDATE(), @@SERVERNAME, @@SERVICENAME, SYSTEM_USER, USER),
(5,1, GETDATE(), 1, 5, N'AGREOMO', N'ADMIN', SYSTEM_USER, GETDATE(), @@SERVERNAME, @@SERVICENAME, SYSTEM_USER, USER),
(6,1, GETDATE(), 1, 6, N'AGRMPQ', N'ADMIN', SYSTEM_USER, GETDATE(), @@SERVERNAME, @@SERVICENAME, SYSTEM_USER, USER),
(7,1, GETDATE(), 1, 7, N'AGRCRL', N'ADMIN', SYSTEM_USER, GETDATE(), @@SERVERNAME, @@SERVICENAME, SYSTEM_USER, USER),
(8,1, GETDATE(), 1, 8, N'AGRRAC', N'ADMIN', SYSTEM_USER, GETDATE(), @@SERVERNAME, @@SERVICENAME, SYSTEM_USER, USER),
(9,1, GETDATE(), 1, 9, N'AGRLCN', N'ADMIN', SYSTEM_USER, GETDATE(), @@SERVERNAME, @@SERVICENAME, SYSTEM_USER, USER),
(10,1, GETDATE(), 1, 10, N'AGRJCZ', N'ADMIN', SYSTEM_USER, GETDATE(), @@SERVERNAME, @@SERVICENAME, SYSTEM_USER, USER),
(11,1, GETDATE(), 1, 11, N'AGRMCB', N'ADMIN', SYSTEM_USER, GETDATE(), @@SERVERNAME, @@SERVICENAME, SYSTEM_USER, USER),
(12,1, GETDATE(), 1, 12, N'AGRGCA', N'ADMIN', SYSTEM_USER, GETDATE(), @@SERVERNAME, @@SERVICENAME, SYSTEM_USER, USER),
(13,1, GETDATE(), 1, 13, N'AGRCHM', N'ADMIN', SYSTEM_USER, GETDATE(), @@SERVERNAME, @@SERVICENAME, SYSTEM_USER, USER),
(14,1, GETDATE(), 1, 14, N'AGRKRM', N'ADMIN', SYSTEM_USER, GETDATE(), @@SERVERNAME, @@SERVICENAME, SYSTEM_USER, USER),
(15,1, GETDATE(), 1, 15, N'AGRSVM', N'ADMIN', SYSTEM_USER, GETDATE(), @@SERVERNAME, @@SERVICENAME, SYSTEM_USER, USER),
(16,1, GETDATE(), 1, 16, N'AGREZV', N'ADMIN', SYSTEM_USER, GETDATE(), @@SERVERNAME, @@SERVICENAME, SYSTEM_USER, USER),
(17,1, GETDATE(), 1, 17, N'AGRERV', N'ADMIN', SYSTEM_USER, GETDATE(), @@SERVERNAME, @@SERVICENAME, SYSTEM_USER, USER),
(18,1, GETDATE(), 1, 18, N'AGRLRCA', N'ADMIN', SYSTEM_USER, GETDATE(), @@SERVERNAME, @@SERVICENAME, SYSTEM_USER, USER),
(19,1, GETDATE(), 1, 19, N'AGRAMSO', N'ADMIN', SYSTEM_USER, GETDATE(), @@SERVERNAME, @@SERVICENAME, SYSTEM_USER, USER),
(20,1, GETDATE(), 1, 20, N'AGRMVC', N'ADMIN', SYSTEM_USER, GETDATE(), @@SERVERNAME, @@SERVICENAME, SYSTEM_USER, USER),
(21,1, GETDATE(), 1, 21, N'AGRGSGO', N'ADMIN', SYSTEM_USER, GETDATE(), @@SERVERNAME, @@SERVICENAME, SYSTEM_USER, USER)
;
GO


 











 



